Title,Link
"продаж 2-к квартира Білоцерківський, Біла Церква, 72000 $",https://www.bazarok.ua/ru/obyavleniya/prodazh-2-k-kvartyra-bilotserkivskyi-bila-tserkva-72000-$-8-709574337.html
"продаж торгові площі Київ, Оболонський, 268000 $",https://www.bazarok.ua/ru/obyavleniya/prodazh-torhovi-ploshchi-kyiv-obolonskyi-268000-$-15-709574336.html
"продаж 2-к квартира Київ, Святошинський, 86000 $",https://www.bazarok.ua/ru/obyavleniya/prodazh-2-k-kvartyra-kyiv-sviatoshynskyi-86000-$-709574335.html
"продаж ділянка сільськогосподарського призначення Бориспільський, Вороньків, 291200 грн.",https://www.bazarok.ua/ru/obyavleniya/prodazh-dilianka-silskohospodarskoho-pryznachennia-boryspilskyi-voronkiv-291200-hrn-10-709574334.html
"продаж ділянка сільськогосподарського призначення Броварський, Зазим`я, 30000000 грн.",https://www.bazarok.ua/ru/obyavleniya/prodazh-dilianka-silskohospodarskoho-pryznachennia-brovarskyi-zazymia-30000000-hrn-37-709574333.html
"продаж 6-к будинок Обухівський, Іванковичі, 6829340 грн.",https://www.bazarok.ua/ru/obyavleniya/prodazh-6-k-budynok-obukhivskyi-ivankovychi-6829340-hrn-36-709574332.html
"продаж 3-к будинок Обухівський, Іванковичі, 4558050 грн.",https://www.bazarok.ua/ru/obyavleniya/prodazh-3-k-budynok-obukhivskyi-ivankovychi-4558050-hrn-35-709574331.html
"продаж ділянка комерційного призначення Броварський, Калинівка, 3256400 грн.",https://www.bazarok.ua/ru/obyavleniya/prodazh-dilianka-komertsiinoho-pryznachennia-brovarskyi-kalynivka-3256400-hrn-4-709574330.html
"продаж ділянка сільськогосподарського призначення Бориспільський, Вороньків, 520000 грн.",https://www.bazarok.ua/ru/obyavleniya/prodazh-dilianka-silskohospodarskoho-pryznachennia-boryspilskyi-voronkiv-520000-hrn-6-709574329.html
Оренда салону краси,https://www.bazarok.ua/ru/obyavleniya/orenda-salonu-krasy-638012723.html
"продаж ділянка сільськогосподарського призначення Бориспільський, Вороньків, 415000 грн.",https://www.bazarok.ua/ru/obyavleniya/prodazh-dilianka-silskohospodarskoho-pryznachennia-boryspilskyi-voronkiv-415000-hrn-4-709574328.html
"продаж ділянка сільськогосподарського призначення Бориспільський, Вороньків, 140000 грн.",https://www.bazarok.ua/ru/obyavleniya/prodazh-dilianka-silskohospodarskoho-pryznachennia-boryspilskyi-voronkiv-140000-hrn-11-709574327.html
Будинок оренда  .,https://www.bazarok.ua/ru/obyavleniya/budynok-orenda-709574326.html
Продам бинокль марки арсенал,https://www.bazarok.ua/ru/obyavleniya/prodam-bynokl-marky-arsenal-709574325.html
Продам фотоаппарат Чайка-2.,https://www.bazarok.ua/ru/obyavleniya/prodam-fotoapparat-chaika-2-709574324.html
Samsung Galaxy A35 5G black.,https://www.bazarok.ua/ru/obyavleniya/samsung-galaxy-a35-5g-black-709574109.html
"продаж виробничі приміщення Харків, Немишлянський, 2325960 грн.",https://www.bazarok.ua/ru/obyavleniya/prodazh-vyrobnychi-prymishchennia-kharkiv-nemyshlianskyi-2325960-hrn-24-709574323.html
"Інфрачервона конвеєрна сушильна установка Феруза-Фруктік , 319350 грн.",https://www.bazarok.ua/ru/obyavleniya/infrachervona-konveierna-sushylna-ustanovka-feruza-fruktik-319350-hrn-10-709574322.html
Куплю квартиру Олександрія,https://www.bazarok.ua/ru/obyavleniya/kupliu-kvartiru-oleksandriia-709574319.html
"продаж 1-к квартира Київ, Святошинський, 44900 $",https://www.bazarok.ua/ru/obyavleniya/prodazh-1-k-kvartyra-kyiv-sviatoshynskyi-44900-$-3-709574318.html
"довгострокова оренда офісне приміщення Київ, Солом`янський, 6770 $/міс.",https://www.bazarok.ua/ru/obyavleniya/dovhostrokova-orenda-ofisne-prymishchennia-kyiv-solomianskyi-6770-$-mis-709573443.html
"Продам Будинок Модульний, 10 m2,",https://www.bazarok.ua/ru/obyavleniya/prodam-budynok-modulnyi-10-m2-709574310.html
"продаж 3-к квартира Київ, Подільський, 58000 $",https://www.bazarok.ua/ru/obyavleniya/prodazh-3-k-kvartyra-kyiv-podilskyi-58000-$-7-709574315.html
"продаж 2-к квартира Київ, Подільський, 48000 $",https://www.bazarok.ua/ru/obyavleniya/prodazh-2-k-kvartyra-kyiv-podilskyi-48000-$-20-709574314.html
"продаж 3-к квартира Київ, Солом`янський, 59900 $",https://www.bazarok.ua/ru/obyavleniya/prodazh-3-k-kvartyra-kyiv-solomianskyi-59900-$-19-709574313.html
"продаж 1-к квартира Київ, Солом`янський, 49000 $",https://www.bazarok.ua/ru/obyavleniya/prodazh-1-k-kvartyra-kyiv-solomianskyi-49000-$-13-709574312.html
"продаж 3-к квартира Київ, Печерський, 190000 $",https://www.bazarok.ua/ru/obyavleniya/prodazh-3-k-kvartyra-kyiv-pecherskyi-190000-$-6-709574311.html
Продам куртку теплу,https://www.bazarok.ua/ru/obyavleniya/prodam-kurtku-teplu-709574309.html
"продаж 1-к квартира Київ, Подільський, 75000 $",https://www.bazarok.ua/ru/obyavleniya/prodazh-1-k-kvartyra-kyiv-podilskyi-75000-$-709573580.html
"довгострокова оренда 3-к квартира Київ, Солом`янський, 13000 грн./міс.",https://www.bazarok.ua/ru/obyavleniya/dovhostrokova-orenda-3-k-kvartyra-kyiv-solomianskyi-13000-hrn-mis-11-709574308.html
"продаж 1-к квартира Полтава, Шевченківський, 1400000 грн.",https://www.bazarok.ua/ru/obyavleniya/prodazh-1-k-kvartyra-poltava-shevchenkivskyi-1400000-hrn-709574307.html
"продаж 1-к квартира Київ, Оболонський, 39990 $",https://www.bazarok.ua/ru/obyavleniya/prodazh-1-k-kvartyra-kyiv-obolonskyi-39990-$-3-709574306.html
"продаж 2-к квартира Київ, Оболонський, 58990 $",https://www.bazarok.ua/ru/obyavleniya/prodazh-2-k-kvartyra-kyiv-obolonskyi-58990-$-3-709574305.html
"продаж офісне приміщення Київ, Шевченківський, 559000 $",https://www.bazarok.ua/ru/obyavleniya/prodazh-ofisne-prymishchennia-kyiv-shevchenkivskyi-559000-$-709574194.html
"довгострокова оренда офісне приміщення Київ, Шевченківський, 5400 $/міс.",https://www.bazarok.ua/ru/obyavleniya/dovhostrokova-orenda-ofisne-prymishchennia-kyiv-shevchenkivskyi-5400-$-mis-709574182.html
"продаж ділянка сільськогосподарського призначення Бориспільський, Вороньків, 285000 грн.",https://www.bazarok.ua/ru/obyavleniya/prodazh-dilianka-silskohospodarskoho-pryznachennia-boryspilskyi-voronkiv-285000-hrn-3-709574304.html
"продаж 3-к квартира Київ, Подільський, 94800 $",https://www.bazarok.ua/ru/obyavleniya/prodazh-3-k-kvartyra-kyiv-podilskyi-94800-$-3-709574303.html
"продаж 2-к квартира Полтава, Шевченківський, 53906 $",https://www.bazarok.ua/ru/obyavleniya/prodazh-2-k-kvartyra-poltava-shevchenkivskyi-53906-$-709574302.html
"продаж 1-к квартира Київ, Подільський, 55000 $",https://www.bazarok.ua/ru/obyavleniya/prodazh-1-k-kvartyra-kyiv-podilskyi-55000-$-35-709574301.html
"продаж 1-к квартира Київ, Подільський, 55000 $",https://www.bazarok.ua/ru/obyavleniya/prodazh-1-k-kvartyra-kyiv-podilskyi-55000-$-35-709574300.html
"продаж 2-к квартира Київ, Шевченківський, 45000 $",https://www.bazarok.ua/ru/obyavleniya/prodazh-2-k-kvartyra-kyiv-shevchenkivskyi-45000-$-8-709574299.html
Коллекционная 10грн,https://www.bazarok.ua/ru/obyavleniya/kollektsionnaia-10grn-709574298.html
Ікона вишита бісером ручної роботи св. блаженна Матрона Handmade,https://www.bazarok.ua/ru/obyavleniya/ikona-vyshyta-biserom-ruchnoi-roboty-sv-blazhenna-matrona-handmade-709540563.html
Кожаная структурированная сумка среднего размера,https://www.bazarok.ua/ru/obyavleniya/kozhanaia-strukturyrovannaia-sumka-sredneho-razmera-709498023.html
Красное вечернее выпускное платье с золотистой накидкой,https://www.bazarok.ua/ru/obyavleniya/krasnoe-vechernee-vypusknoe-plate-s-zolotystoi-nakydkoi-707428296.html
Рубашка горчичного цвета Paul Smith,https://www.bazarok.ua/ru/obyavleniya/rubashka-horchychnoho-tsveta-paul-smith-661091911.html
Сині перламутрові блискучі балетки туфлі човники Gino Rossi,https://www.bazarok.ua/ru/obyavleniya/syni-perlamutrovi-blyskuchi-baletky-tufli-chovnyky-gino-rossi-709537243.html
Синий мужской костюм тройка,https://www.bazarok.ua/ru/obyavleniya/synyi-muzhskoi-kostium-troika-709560615.html
Синій чоловічий костюм-двійка Giordano Conti,https://www.bazarok.ua/ru/obyavleniya/synii-cholovichyi-kostium-dviika-giordano-conti-699418960.html
Белый вязаный кардиган с поясом ручной работы Handmade,https://www.bazarok.ua/ru/obyavleniya/belyi-viazanyi-kardyhan-s-poiasom-ruchnoi-raboty-handmade-676912572.html
Белый светлый кардиган из полушерсти ручной работы Handmade,https://www.bazarok.ua/ru/obyavleniya/belyi-svetlyi-kardyhan-yz-polushersty-ruchnoi-raboty-handmade-692194449.html
"продаж 1-к квартира Київ, Дарницький, 75000 $",https://www.bazarok.ua/ru/obyavleniya/prodazh-1-k-kvartyra-kyiv-darnytskyi-75000-$-30-709574258.html
"продаж 1-к квартира Київ, Голосіївський, 99000 $",https://www.bazarok.ua/ru/obyavleniya/prodazh-1-k-kvartyra-kyiv-holosiivskyi-99000-$-10-709574257.html
"продаж 1-к квартира Київ, Дніпровський, 54000 $",https://www.bazarok.ua/ru/obyavleniya/prodazh-1-k-kvartyra-kyiv-dniprovskyi-54000-$-11-709574256.html
"продаж 3-к квартира Бучанський, Вишневе, 45000 $",https://www.bazarok.ua/ru/obyavleniya/prodazh-3-k-kvartyra-buchanskyi-vyshneve-45000-$-3-709574255.html
"продаж 2-к квартира Київ, Голосіївський, 102000 $",https://www.bazarok.ua/ru/obyavleniya/prodazh-2-k-kvartyra-kyiv-holosiivskyi-102000-$-10-709574254.html
"довгострокова оренда приміщення вільного призначення, будівлі Вінниця, Замостянський, 35000 грн./міс.",https://www.bazarok.ua/ru/obyavleniya/dovhostrokova-orenda-prymishchennia-vilnoho-pryznachennia-budivli-vinnytsia-zamostianskyi-35000-hrn-mis-709574253.html
"продаж 1-к квартира Київ, Шевченківський, 76500 $",https://www.bazarok.ua/ru/obyavleniya/prodazh-1-k-kvartyra-kyiv-shevchenkivskyi-76500-$-3-709574252.html
"продаж 3-к таунхаус Київ, Дарницький, 88000 $",https://www.bazarok.ua/ru/obyavleniya/prodazh-3-k-taunkhaus-kyiv-darnytskyi-88000-$-5-709574251.html
"продаж 3-к квартира Київ, Печерський, 125000 $",https://www.bazarok.ua/ru/obyavleniya/prodazh-3-k-kvartyra-kyiv-pecherskyi-125000-$-6-709574250.html
Оренда салону краси,https://www.bazarok.ua/ru/obyavleniya/orenda-salonu-krasy-638012723.html
ЦАП .fx audio D01,https://www.bazarok.ua/ru/obyavleniya/tsap-fx-audio-d01-709574249.html
"продаж 3-к квартира Київ, Шевченківський, 189000 $",https://www.bazarok.ua/ru/obyavleniya/prodazh-3-k-kvartyra-kyiv-shevchenkivskyi-189000-$-7-709574248.html
"продаж офісне приміщення Київ, Голосіївський, 69000 $",https://www.bazarok.ua/ru/obyavleniya/prodazh-ofisne-prymishchennia-kyiv-holosiivskyi-69000-$-6-709574247.html
"продаж 4-к будинок Обухівський, Васильків, 151000 $",https://www.bazarok.ua/ru/obyavleniya/prodazh-4-k-budynok-obukhivskyi-vasylkiv-151000-$-709573171.html
"Шеф - кухар в Виноградів, Закарпаття на тривалий термін",https://www.bazarok.ua/ru/obyavleniya/shef-kukhar-v-vynohradiv-zakarpattia-na-tryvalyi-termin-709574246.html
"продаж 4-к будинок Козелецький, Крехаїв, 59500 $",https://www.bazarok.ua/ru/obyavleniya/prodazh-4-k-budynok-kozeletskyi-krekhaiv-59500-$-5-709574245.html
"продаж 5-к будинок Фастівський, Боярка, 180000 $",https://www.bazarok.ua/ru/obyavleniya/prodazh-5-k-budynok-fastivskyi-boiarka-180000-$-2-709574244.html
"продаж 1-к квартира Київ, Дніпровський, 62000 $",https://www.bazarok.ua/ru/obyavleniya/prodazh-1-k-kvartyra-kyiv-dniprovskyi-62000-$-15-709574243.html
"довгострокова оренда офісне приміщення Вінниця, Замостянський, 13500 грн./міс.",https://www.bazarok.ua/ru/obyavleniya/dovhostrokova-orenda-ofisne-prymishchennia-vinnytsia-zamostianskyi-13500-hrn-mis-4-709574242.html
"подобова оренда 2-к квартира Вінниця, Ленінський, 800 грн./добу",https://www.bazarok.ua/ru/obyavleniya/podobova-orenda-2-k-kvartyra-vinnytsia-leninskyi-800-hrn-dobu-42-709574241.html
"продаж 1-к квартира Київ, Подільський, 51000 $",https://www.bazarok.ua/ru/obyavleniya/prodazh-1-k-kvartyra-kyiv-podilskyi-51000-$-8-709574240.html
Сдам посуточно квартиру,https://www.bazarok.ua/ru/obyavleniya/sdam-posutochno-kvartiru-3-709574239.html
"продаж приміщення вільного призначення, будівлі Бучанський, Буча, 37000 $",https://www.bazarok.ua/ru/obyavleniya/prodazh-prymishchennia-vilnoho-pryznachennia-budivli-buchanskyi-bucha-37000-$-709574238.html
Сапожное оборудование название сомик,https://www.bazarok.ua/ru/obyavleniya/sapozhnoe-oborudovanye-nazvanye-somyk-709573985.html
"продаж 2-к квартира Київ, Оболонський, 104000 $",https://www.bazarok.ua/ru/obyavleniya/prodazh-2-k-kvartyra-kyiv-obolonskyi-104000-$-12-709574237.html
"продаж 2-к квартира Київ, Дарницький, 83000 $",https://www.bazarok.ua/ru/obyavleniya/prodazh-2-k-kvartyra-kyiv-darnytskyi-83000-$-4-709574236.html
"продаж 1-к квартира Бучанський, Софіївська Борщагівка, 55900 $",https://www.bazarok.ua/ru/obyavleniya/prodazh-1-k-kvartyra-buchanskyi-sofiivska-borshchahivka-55900-$-3-709574235.html
"продаж 4-к будинок Бучанський, Гостомель, 145000 $",https://www.bazarok.ua/ru/obyavleniya/prodazh-4-k-budynok-buchanskyi-hostomel-145000-$-4-709574234.html
"продаж 1-к квартира Бучанський, Святопетрівське, 28000 $",https://www.bazarok.ua/ru/obyavleniya/prodazh-1-k-kvartyra-buchanskyi-sviatopetrivske-28000-$-709574233.html
"продаж 1-к квартира Київ, Шевченківський, 27000 $",https://www.bazarok.ua/ru/obyavleniya/prodazh-1-k-kvartyra-kyiv-shevchenkivskyi-27000-$-3-709574232.html
"продаж 2-к квартира Київ, Дніпровський, 75000 $",https://www.bazarok.ua/ru/obyavleniya/prodazh-2-k-kvartyra-kyiv-dniprovskyi-75000-$-4-709574231.html
"продаж 1-к квартира Київ, Шевченківський, 52500 $",https://www.bazarok.ua/ru/obyavleniya/prodazh-1-k-kvartyra-kyiv-shevchenkivskyi-52500-$-709574230.html
"продаж 1-к квартира Бучанський, Софіївська Борщагівка, 48000 $",https://www.bazarok.ua/ru/obyavleniya/prodazh-1-k-kvartyra-buchanskyi-sofiivska-borshchahivka-48000-$-10-709574229.html
"довгострокова оренда 1-к квартира Київ, Оболонський, 14900 грн./міс.",https://www.bazarok.ua/ru/obyavleniya/dovhostrokova-orenda-1-k-kvartyra-kyiv-obolonskyi-14900-hrn-mis-709573618.html
"продаж 1-к квартира Київ, Голосіївський, 98500 $",https://www.bazarok.ua/ru/obyavleniya/prodazh-1-k-kvartyra-kyiv-holosiivskyi-98500-$-709572733.html
Продаж картин (вишивка бісером),https://www.bazarok.ua/ru/obyavleniya/prodazh-kartyn-vyshyvka-biserom-709574228.html
"продаж 2-к квартира Київ, Шевченківський, 41000 $",https://www.bazarok.ua/ru/obyavleniya/prodazh-2-k-kvartyra-kyiv-shevchenkivskyi-41000-$-12-709574227.html
Вело колесо на двойном ободе спица 3мм на пром под трещотку,https://www.bazarok.ua/ru/obyavleniya/velo-koleso-na-dvoinom-obode-spytsa-3mm-na-prom-pod-treshchotku-709574226.html
"продаж 2-к квартира Бучанський, Буча, 53000 $",https://www.bazarok.ua/ru/obyavleniya/prodazh-2-k-kvartyra-buchanskyi-bucha-53000-$-709574225.html
"продаж 2-к квартира Київ, Шевченківський, 79000 $",https://www.bazarok.ua/ru/obyavleniya/prodazh-2-k-kvartyra-kyiv-shevchenkivskyi-79000-$-7-709574224.html
Квартира посуточно Новые дома,https://www.bazarok.ua/ru/obyavleniya/kvartira-posutochno-novye-doma-709574223.html
"довгострокова оренда офісне приміщення Київ, Шевченківський, 2775 $/міс.",https://www.bazarok.ua/ru/obyavleniya/dovhostrokova-orenda-ofisne-prymishchennia-kyiv-shevchenkivskyi-2775-$-mis-4-709574222.html
"довгострокова оренда офісне приміщення Київ, Солом`янський, 11640 $/міс.",https://www.bazarok.ua/ru/obyavleniya/dovhostrokova-orenda-ofisne-prymishchennia-kyiv-solomianskyi-11640-$-mis-2-709574221.html
"продаж 3-к квартира Київ, Дніпровський, 122000 $",https://www.bazarok.ua/ru/obyavleniya/prodazh-3-k-kvartyra-kyiv-dniprovskyi-122000-$-709573579.html
"продаж 1-к квартира Київ, Святошинський, 34990 $",https://www.bazarok.ua/ru/obyavleniya/prodazh-1-k-kvartyra-kyiv-sviatoshynskyi-34990-$-709573200.html
"продаж 1-к квартира Бучанський, Святопетрівське, 44000 $",https://www.bazarok.ua/ru/obyavleniya/prodazh-1-k-kvartyra-buchanskyi-sviatopetrivske-44000-$-709574177.html
"продаж 3-к квартира Київ, Дніпровський, 133000 $",https://www.bazarok.ua/ru/obyavleniya/prodazh-3-k-kvartyra-kyiv-dniprovskyi-133000-$-709573679.html
"продаж 3-к квартира Київ, Голосіївський, 186000 $",https://www.bazarok.ua/ru/obyavleniya/prodazh-3-k-kvartyra-kyiv-holosiivskyi-186000-$-709573480.html
Вело колеса 20.24.26.28 дюймов двойной обод на планетарной втулке 3 скоростей комплект,https://www.bazarok.ua/ru/obyavleniya/velo-kolesa-20-24-26-28-diuimov-dvoinoi-obod-na-planetarnoi-vtulke-3-skorostei-komplekt-683382589.html
Планетарная втулка Shimano Nexus Inter-3 Sg-3c41 опт и розница,https://www.bazarok.ua/ru/obyavleniya/planetarnaia-vtulka-shimano-nexus-inter-3-sg-3c41-opt-y-roznytsa-709568612.html
Тормоза ви-брейки полный комплект на два колеса Shimano BR-T4000,https://www.bazarok.ua/ru/obyavleniya/tormoza-vy-breiky-polnyi-komplekt-na-dva-kolesa-shimano-br-t4000-709570149.html
Купуємо волосся в Чернігові та по всій Україні від 42см -0935573993,https://www.bazarok.ua/ru/obyavleniya/kupuiemo-volossia-v-chernihovi-ta-po-vsii-ukraini-vid-42sm-0935573993-2-709574421.html
Автономная Фонарь-лампа,https://www.bazarok.ua/ru/obyavleniya/avtonomnaia-fonar-lampa-709574420.html
Ліжко двоспальне на панцирній металевій сітцi. 195/120,https://www.bazarok.ua/ru/obyavleniya/lizhko-dvospalne-na-pantsyrnii-metalevii-sittsi-195-120-709551732.html
Сейф металевий на два відділення в задовільному стані.,https://www.bazarok.ua/ru/obyavleniya/seif-metalevyi-na-dva-viddilennia-v-zadovilnomu-stani-709566408.html
Panasonic КХ-F130,https://www.bazarok.ua/ru/obyavleniya/panasonic-kkh-f130-709566406.html
Сучасний офісний стіл,https://www.bazarok.ua/ru/obyavleniya/suchasnyi-ofisnyi-stil-709566405.html
"Pixus Jet Діагональ екрану, 5. Роздільна здатність екрану, 720х128",https://www.bazarok.ua/ru/obyavleniya/pixus-jet-diahonal-ekranu-5-rozdilna-zdatnist-ekranu-720kh128-709564841.html
Радіоприймач Golon Чорний RX-381 з MP3 та ліхтариком,https://www.bazarok.ua/ru/obyavleniya/radiopryimach-golon-chornyi-rx-381-z-mp3-ta-likhtarykom-709564893.html
"Катетер Фолея силіконовий 2х ходовий Apexmed Ch/Fr 18, балон 30 мл",https://www.bazarok.ua/ru/obyavleniya/kateter-foleia-sylikonovyi-2kh-khodovyi-apexmed-ch-fr-18-balon-30-ml-709552053.html
Оренда салону краси,https://www.bazarok.ua/ru/obyavleniya/orenda-salonu-krasy-638012723.html
Мобільний телефон Viaan V181 Black,https://www.bazarok.ua/ru/obyavleniya/mobilnyi-telefon-viaan-v181-black-709564843.html
"Труси-підгузки для дорослих Tena Pants Normal Large, 30 шт.",https://www.bazarok.ua/ru/obyavleniya/trusy-pidhuzky-dlia-doroslykh-tena-pants-normal-large-30-sht-709552051.html
"довгострокова оренда 2-к квартира Київ, Подільський, 10500 грн./міс.",https://www.bazarok.ua/ru/obyavleniya/dovhostrokova-orenda-2-k-kvartyra-kyiv-podilskyi-10500-hrn-mis-2-709574418.html
"продаж приміщення вільного призначення, будівлі Київ, Голосіївський, 1800000 $",https://www.bazarok.ua/ru/obyavleniya/prodazh-prymishchennia-vilnoho-pryznachennia-budivli-kyiv-holosiivskyi-1800000-$-3-709574417.html
Написання Курсових робіт,https://www.bazarok.ua/ru/obyavleniya/napysannia-kursovykh-robit-709574416.html
Разбор психоматрицы,https://www.bazarok.ua/ru/obyavleniya/razbor-psykhomatrytsy-709559077.html
Продам крісло-ліжко,https://www.bazarok.ua/ru/obyavleniya/prodam-krislo-lizhko-709574415.html
Зимова куртка для хлопчика,https://www.bazarok.ua/ru/obyavleniya/zymova-kurtka-dlia-khlopchyka-709574412.html
"продаж приміщення вільного призначення, будівлі Київ, Солом`янський, 950000 $",https://www.bazarok.ua/ru/obyavleniya/prodazh-prymishchennia-vilnoho-pryznachennia-budivli-kyiv-solomianskyi-950000-$-30-709574410.html
"продаж готель Київ, Печерський, 2700000 $",https://www.bazarok.ua/ru/obyavleniya/prodazh-hotel-kyiv-pecherskyi-2700000-$-18-709574409.html
"продаж виробничі приміщення Вишгородський, Іванків, 250000 $",https://www.bazarok.ua/ru/obyavleniya/prodazh-vyrobnychi-prymishchennia-vyshhorodskyi-ivankiv-250000-$-18-709574408.html
"продаж ділянка під житлову забудову Бориспільський, Гнідин, 1986000 $",https://www.bazarok.ua/ru/obyavleniya/prodazh-dilianka-pid-zhytlovu-zabudovu-boryspilskyi-hnidyn-1986000-$-18-709574407.html
"продаж приміщення вільного призначення, будівлі Київ, Шевченківський, 4900000 $",https://www.bazarok.ua/ru/obyavleniya/prodazh-prymishchennia-vilnoho-pryznachennia-budivli-kyiv-shevchenkivskyi-4900000-$-32-709574406.html
"продаж торгові площі Київ, Святошинський, 425000 $",https://www.bazarok.ua/ru/obyavleniya/prodazh-torhovi-ploshchi-kyiv-sviatoshynskyi-425000-$-25-709574405.html
"продаж приміщення вільного призначення, будівлі Київ, Голосіївський, 575000 $",https://www.bazarok.ua/ru/obyavleniya/prodazh-prymishchennia-vilnoho-pryznachennia-budivli-kyiv-holosiivskyi-575000-$-61-709574404.html
"продаж приміщення вільного призначення, будівлі Київ, Дніпровський, 1950000 $",https://www.bazarok.ua/ru/obyavleniya/prodazh-prymishchennia-vilnoho-pryznachennia-budivli-kyiv-dniprovskyi-1950000-$-32-709574403.html
"продаж приміщення вільного призначення, будівлі Київ, Голосіївський, 575000 $",https://www.bazarok.ua/ru/obyavleniya/prodazh-prymishchennia-vilnoho-pryznachennia-budivli-kyiv-holosiivskyi-575000-$-61-709574402.html
"продаж приміщення вільного призначення, будівлі Київ, Голосіївський, 7500000 $",https://www.bazarok.ua/ru/obyavleniya/prodazh-prymishchennia-vilnoho-pryznachennia-budivli-kyiv-holosiivskyi-7500000-$-31-709574401.html
"продаж приміщення вільного призначення, будівлі Київ, Дарницький, 250000 $",https://www.bazarok.ua/ru/obyavleniya/prodazh-prymishchennia-vilnoho-pryznachennia-budivli-kyiv-darnytskyi-250000-$-23-709574400.html
"продаж приміщення вільного призначення, будівлі Київ, Оболонський, 2900000 $",https://www.bazarok.ua/ru/obyavleniya/prodazh-prymishchennia-vilnoho-pryznachennia-budivli-kyiv-obolonskyi-2900000-$-32-709574399.html
"довгострокова оренда 2-к будинок Броварський, Бровари, 27000 грн./міс.",https://www.bazarok.ua/ru/obyavleniya/dovhostrokova-orenda-2-k-budynok-brovarskyi-brovary-27000-hrn-mis-709574398.html
"продаж 2-к квартира Київ, Дарницький, 95000 $",https://www.bazarok.ua/ru/obyavleniya/prodazh-2-k-kvartyra-kyiv-darnytskyi-95000-$-709573662.html
Без % Продаж видової 3к квартири Ахматової 34. Євроремонт + генератор,https://www.bazarok.ua/ru/obyavleniya/bez-percent-prodazh-vydovoi-3k-kvartyry-akhmatovoi-34-ievroremont-+-henerator-709572570.html
Полуприцеп цистерна из нержавейки,https://www.bazarok.ua/ru/obyavleniya/poluprytsep-tsysterna-yz-nerzhaveiky-2-709574396.html
"продаж 4-к будинок Обухівський, Козин, 330000 $",https://www.bazarok.ua/ru/obyavleniya/prodazh-4-k-budynok-obukhivskyi-kozyn-330000-$-709574395.html
"довгострокова оренда 1-к квартира Київ, Дарницький, 19000 грн./міс.",https://www.bazarok.ua/ru/obyavleniya/dovhostrokova-orenda-1-k-kvartyra-kyiv-darnytskyi-19000-hrn-mis-5-709574394.html
"продаж 2-к квартира Броварський, Бровари, 55500 $",https://www.bazarok.ua/ru/obyavleniya/prodazh-2-k-kvartyra-brovarskyi-brovary-55500-$-709574393.html
"продаж 2-к квартира Броварський, Бровари, 34000 $",https://www.bazarok.ua/ru/obyavleniya/prodazh-2-k-kvartyra-brovarskyi-brovary-34000-$-2-709574392.html
"продаж 3-к квартира Київ, Печерський, 350000 $",https://www.bazarok.ua/ru/obyavleniya/prodazh-3-k-kvartyra-kyiv-pecherskyi-350000-$-11-709574391.html
"продаж 4-к будинок Броварський, Велика Димерка, 34000 $",https://www.bazarok.ua/ru/obyavleniya/prodazh-4-k-budynok-brovarskyi-velyka-dymerka-34000-$-7-709574390.html
"продаж ділянка під житлову забудову Білоцерківський, Біла Церква, 8000 $",https://www.bazarok.ua/ru/obyavleniya/prodazh-dilianka-pid-zhytlovu-zabudovu-bilotserkivskyi-bila-tserkva-8000-$-709574389.html
"продаж 2-к квартира Білоцерківський, Біла Церква, 63000 $",https://www.bazarok.ua/ru/obyavleniya/prodazh-2-k-kvartyra-bilotserkivskyi-bila-tserkva-63000-$-709574388.html
"продаж 5-к будинок Білоцерківський, Біла Церква, 180000 $",https://www.bazarok.ua/ru/obyavleniya/prodazh-5-k-budynok-bilotserkivskyi-bila-tserkva-180000-$-2-709574386.html
"Детская куртка на осень/весна 2-3 года мальчик/девочка, 350 грн.",https://www.bazarok.ua/ru/obyavleniya/detskaia-kurtka-na-osen-vesna-2-3-hoda-malchyk-devochka-350-hrn-22-709574385.html
Бинокль театральный,https://www.bazarok.ua/ru/obyavleniya/binokl-teatralnyi-709574384.html
"продаж торгові площі Київ, Подільський, 333000 $",https://www.bazarok.ua/ru/obyavleniya/prodazh-torhovi-ploshchi-kyiv-podilskyi-333000-$-9-709574383.html
"продаж приміщення вільного призначення, будівлі Київ, Оболонський, 1700000 $",https://www.bazarok.ua/ru/obyavleniya/prodazh-prymishchennia-vilnoho-pryznachennia-budivli-kyiv-obolonskyi-1700000-$-15-709574382.html
"продаж 3-к квартира Київ, Голосіївський, 140000 $",https://www.bazarok.ua/ru/obyavleniya/prodazh-3-k-kvartyra-kyiv-holosiivskyi-140000-$-43-709574381.html
"продаж ділянка комерційного призначення Київ, Солом`янський, 400000 $",https://www.bazarok.ua/ru/obyavleniya/prodazh-dilianka-komertsiinoho-pryznachennia-kyiv-solomianskyi-400000-$-2-709574380.html
"продаж приміщення вільного призначення, будівлі Київ, Голосіївський, 2650000 $",https://www.bazarok.ua/ru/obyavleniya/prodazh-prymishchennia-vilnoho-pryznachennia-budivli-kyiv-holosiivskyi-2650000-$-19-709574379.html
"продаж виробничі приміщення Київ, Подільський, 2600000 $",https://www.bazarok.ua/ru/obyavleniya/prodazh-vyrobnychi-prymishchennia-kyiv-podilskyi-2600000-$-18-709574378.html
Коричневая кофейная жилетка жилет кардиган с меховым воротником Handmade,https://www.bazarok.ua/ru/obyavleniya/korychnevaia-kofeinaia-zhyletka-zhylet-kardyhan-s-mekhovym-vorotnykom-handmade-664183327.html
Коричневое светлое мужское осенние пальто,https://www.bazarok.ua/ru/obyavleniya/korychnevoe-svetloe-muzhskoe-osennye-palto-703766726.html
Черное кожаное женское пальто,https://www.bazarok.ua/ru/obyavleniya/chernoe-kozhanoe-zhenskoe-palto-661246968.html
Пальто осіннє рожеве довге,https://www.bazarok.ua/ru/obyavleniya/palto-osinnie-rozheve-dovhe-692194876.html
Вязаный зимний серый комплект шапка шарф и рукавицы handmade,https://www.bazarok.ua/ru/obyavleniya/viazanyi-zymnyi-seryi-komplekt-shapka-sharf-y-rukavytsy-handmade-709573899.html
Красная лыжная зимняя мужская термокуртка,https://www.bazarok.ua/ru/obyavleniya/krasnaia-lyzhnaia-zymniaia-muzhskaia-termokurtka-703229094.html
"довгострокова оренда виробничі приміщення Бучанський, Крюківщина, 1700 $/міс.",https://www.bazarok.ua/ru/obyavleniya/dovhostrokova-orenda-vyrobnychi-prymishchennia-buchanskyi-kriukivshchyna-1700-$-mis-3-709574296.html
Голубое пальто пуховик с меховым воротником,https://www.bazarok.ua/ru/obyavleniya/holuboe-palto-pukhovyk-s-mekhovym-vorotnykom-692194649.html
Светлый бежевый полушубок шуба из искусственного меха Tissavel,https://www.bazarok.ua/ru/obyavleniya/svetlyi-bezhevyi-polushubok-shuba-yz-yskusstvennoho-mekha-tissavel-709573491.html
Оренда салону краси,https://www.bazarok.ua/ru/obyavleniya/orenda-salonu-krasy-638012723.html
Черные высокие замшевые сапоги на каблуке Stoalos,https://www.bazarok.ua/ru/obyavleniya/chernye-vysokye-zamshevye-sapohy-na-kabluke-stoalos-704474019.html
Черные замшевые сапоги европейка на танкетке Kelton,https://www.bazarok.ua/ru/obyavleniya/chernye-zamshevye-sapohy-evropeika-na-tanketke-kelton-668141459.html
Черные зимние замшевые сапоги на среднем каблуке б/у,https://www.bazarok.ua/ru/obyavleniya/chernye-zymnye-zamshevye-sapohy-na-srednem-kabluke-b-u-660997830.html
"продаж 3-к квартира Київ, Святошинський, 52500 $",https://www.bazarok.ua/ru/obyavleniya/prodazh-3-k-kvartyra-kyiv-sviatoshynskyi-52500-$-709572503.html
"продаж 1-к квартира Київ, Солом`янський, 49900 $",https://www.bazarok.ua/ru/obyavleniya/prodazh-1-k-kvartyra-kyiv-solomianskyi-49900-$-709572478.html
Масаж Чорноморськ,https://www.bazarok.ua/ru/obyavleniya/masazh-chornomorsk-709574295.html
Оренда автобусів та мікроавтобусів,https://www.bazarok.ua/ru/obyavleniya/orenda-avtobusiv-ta-mikroavtobusiv-709574294.html
Iqos iluma prime,https://www.bazarok.ua/ru/obyavleniya/iqos-iluma-prime-2-709574292.html
"Депиляция,шугаринг для девушек Днепр, 200 грн.",https://www.bazarok.ua/ru/obyavleniya/depyliatsyia-shuharynh-dlia-devushek-dnepr-200-hrn-30-709574291.html
"Досмотрю пожилого человека, 40000 грн.",https://www.bazarok.ua/ru/obyavleniya/dosmotriu-pozhyloho-cheloveka-40000-hrn-10-709574290.html
"Продам Фармасулин в упаковках, 250 грн.",https://www.bazarok.ua/ru/obyavleniya/prodam-farmasulyn-v-upakovkakh-250-hrn-31-709574289.html
"продаж 2-к квартира Київ, Оболонський, 98000 $",https://www.bazarok.ua/ru/obyavleniya/prodazh-2-k-kvartyra-kyiv-obolonskyi-98000-$-709574288.html
"продаж 1-к квартира Київ, Солом`янський, 19500 $",https://www.bazarok.ua/ru/obyavleniya/prodazh-1-k-kvartyra-kyiv-solomianskyi-19500-$-21-709574287.html
"продаж 2-к квартира Київ, Подільський, 37000 $",https://www.bazarok.ua/ru/obyavleniya/prodazh-2-k-kvartyra-kyiv-podilskyi-37000-$-25-709574286.html
"продаж 1-к квартира Бучанський, Білогородка, 25500 $",https://www.bazarok.ua/ru/obyavleniya/prodazh-1-k-kvartyra-buchanskyi-bilohorodka-25500-$-17-709574285.html
Найкраща школа програмування запрошує школярів на навчання у Львові,https://www.bazarok.ua/ru/obyavleniya/naikrashcha-shkola-prohramuvannia-zaproshuie-shkoliariv-na-navchannia-u-lvovi-709574284.html
Кросівки чоловічі,https://www.bazarok.ua/ru/obyavleniya/krosivky-cholovichi-709574283.html
"продаж 3-к квартира Полтава, Шевченківський, 3360000 грн.",https://www.bazarok.ua/ru/obyavleniya/prodazh-3-k-kvartyra-poltava-shevchenkivskyi-3360000-hrn-709574282.html
"продаж 2-к квартира Київ, Дарницький, 62990 $",https://www.bazarok.ua/ru/obyavleniya/prodazh-2-k-kvartyra-kyiv-darnytskyi-62990-$-709574281.html
"продаж 1-к квартира Київ, Святошинський, 27400 $",https://www.bazarok.ua/ru/obyavleniya/prodazh-1-k-kvartyra-kyiv-sviatoshynskyi-27400-$-709574263.html
"Ищем: электрик,плиточник,монтажник,шпаклевщик",https://www.bazarok.ua/ru/obyavleniya/ishchem-elektrik-plitochnik-montazhnik-shpaklevshchik-709574280.html
"продаж 4-к будинок Полтава, Копили, 4176000 грн.",https://www.bazarok.ua/ru/obyavleniya/prodazh-4-k-budynok-poltava-kopyly-4176000-hrn-9-709574279.html
"продаж 1-к квартира Полтава, Шевченківський, 1517000 грн.",https://www.bazarok.ua/ru/obyavleniya/prodazh-1-k-kvartyra-poltava-shevchenkivskyi-1517000-hrn-709574278.html
"продаж 2-к квартира Бучанський, Ірпінь, 63000 $",https://www.bazarok.ua/ru/obyavleniya/prodazh-2-k-kvartyra-buchanskyi-irpin-63000-$-709574277.html
"продаж 2-к квартира Київ, Подільський, 82000 $",https://www.bazarok.ua/ru/obyavleniya/prodazh-2-k-kvartyra-kyiv-podilskyi-82000-$-57-709574276.html
"продаж 1-к квартира Миргородський, Миргород, 1007000 грн.",https://www.bazarok.ua/ru/obyavleniya/prodazh-1-k-kvartyra-myrhorodskyi-myrhorod-1007000-hrn-3-709574275.html
Продам мобильный телефон Emporia pure,https://www.bazarok.ua/ru/obyavleniya/prodam-mobilnyi-telefon-emporia-pure-709574274.html
"продаж 2-к квартира Миргородський, Миргород, 1695560 грн.",https://www.bazarok.ua/ru/obyavleniya/prodazh-2-k-kvartyra-myrhorodskyi-myrhorod-1695560-hrn-3-709574273.html
"продаж підземний паркінг Полтава, Шевченківський, 18800 $",https://www.bazarok.ua/ru/obyavleniya/prodazh-pidzemnyi-parkinh-poltava-shevchenkivskyi-18800-$-9-709574272.html
Виконроб в м.Харків,https://www.bazarok.ua/ru/obyavleniya/vykonrob-v-m-kharkiv-709574271.html
Продам цифровою АТС Panasonik 1232 з комплектом документів та системними телефонами.,https://www.bazarok.ua/ru/obyavleniya/prodam-tsifrovoiu-ats-panasonik-1232-z-komplektom-dokumentiv-ta-sistemnimi-telefonami-709574270.html
"продаж 4-к таунхаус Полтава, Копили, 110000 $",https://www.bazarok.ua/ru/obyavleniya/prodazh-4-k-taunkhaus-poltava-kopyly-110000-$-9-709574269.html
"продаж 1-к квартира Львів, Франківський, 49800 $",https://www.bazarok.ua/ru/obyavleniya/prodazh-1-k-kvartyra-lviv-frankivskyi-49800-$-709574268.html
"продаж 3-к квартира Київ, Дніпровський, 110000 євро",https://www.bazarok.ua/ru/obyavleniya/prodazh-3-k-kvartyra-kyiv-dniprovskyi-110000-ievro-4-709574267.html
"довгострокова оренда 1-к квартира Київ, Дніпровський, 12000 грн./міс.",https://www.bazarok.ua/ru/obyavleniya/dovhostrokova-orenda-1-k-kvartyra-kyiv-dniprovskyi-12000-hrn-mis-30-709574266.html
Штукатурка стін Цементно-вапняним розчином,https://www.bazarok.ua/ru/obyavleniya/shtukaturka-stin-tsementno-vapnianym-rozchynom-709574265.html
"продаж 2-к квартира Київ, Дарницький, 59000 $",https://www.bazarok.ua/ru/obyavleniya/prodazh-2-k-kvartyra-kyiv-darnytskyi-59000-$-5-709574264.html
"довгострокова оренда 1-к таунхаус Бориспільський, Бориспіль, 16000 грн./міс.",https://www.bazarok.ua/ru/obyavleniya/dovhostrokova-orenda-1-k-taunkhaus-boryspilskyi-boryspil-16000-hrn-mis-709574262.html
"продаж 1-к квартира Бучанський, Коцюбинське, 48500 $",https://www.bazarok.ua/ru/obyavleniya/prodazh-1-k-kvartyra-buchanskyi-kotsiubynske-48500-$-2-709574261.html
"продаж 3-к квартира Київ, Голосіївський, 105000 $",https://www.bazarok.ua/ru/obyavleniya/prodazh-3-k-kvartyra-kyiv-holosiivskyi-105000-$-9-709574260.html
"продаж 2-к квартира Київ, Солом`янський, 137990 $",https://www.bazarok.ua/ru/obyavleniya/prodazh-2-k-kvartyra-kyiv-solomianskyi-137990-$-2-709574259.html
Візьмемо електрика на роботу,https://www.bazarok.ua/ru/obyavleniya/vizmemo-elektrika-na-robotu-709574377.html
Духовой шкаф Whirpool W9 OM2 4S1 P BSS,https://www.bazarok.ua/ru/obyavleniya/dukhovoi-shkaf-whirpool-w9-om2-4s1-p-bss-709574376.html
"довгострокова оренда 1-к квартира Київ, Дарницький, 17000 грн./міс.",https://www.bazarok.ua/ru/obyavleniya/dovhostrokova-orenda-1-k-kvartyra-kyiv-darnytskyi-17000-hrn-mis-709573499.html
"продаж готель Київ, Печерський, 5900000 $",https://www.bazarok.ua/ru/obyavleniya/prodazh-hotel-kyiv-pecherskyi-5900000-$-18-709574375.html
"продаж приміщення вільного призначення, будівлі Київ, Солом`янський, 2670000 $",https://www.bazarok.ua/ru/obyavleniya/prodazh-prymishchennia-vilnoho-pryznachennia-budivli-kyiv-solomianskyi-2670000-$-19-709574374.html
"продаж приміщення вільного призначення, будівлі Київ, Шевченківський, 3500000 $",https://www.bazarok.ua/ru/obyavleniya/prodazh-prymishchennia-vilnoho-pryznachennia-budivli-kyiv-shevchenkivskyi-3500000-$-32-709574373.html
"довгострокова оренда 2-к квартира Київ, Оболонський, 10000 грн./міс.",https://www.bazarok.ua/ru/obyavleniya/dovhostrokova-orenda-2-k-kvartyra-kyiv-obolonskyi-10000-hrn-mis-14-709574372.html
"продаж приміщення вільного призначення, будівлі Київ, Оболонський, 1572000 $",https://www.bazarok.ua/ru/obyavleniya/prodazh-prymishchennia-vilnoho-pryznachennia-budivli-kyiv-obolonskyi-1572000-$-15-709574371.html
"Продам парик, натуральный волос",https://www.bazarok.ua/ru/obyavleniya/prodam-parik-naturalnyi-volos-709574370.html
Оренда салону краси,https://www.bazarok.ua/ru/obyavleniya/orenda-salonu-krasy-638012723.html
Шини зимові преміорі 195х60хR15 2 шт. в відмінному стані,https://www.bazarok.ua/ru/obyavleniya/shyny-zymovi-premiori-195kh60khr15-2-sht-v-vidminnomu-stani-709574369.html
"продаж 3-к квартира Київ, Деснянський, 73900 $",https://www.bazarok.ua/ru/obyavleniya/prodazh-3-k-kvartyra-kyiv-desnianskyi-73900-$-709574368.html
"довгострокова оренда 1-к квартира Бучанський, Петропавлівська Борщагівка, 15000 грн./міс.",https://www.bazarok.ua/ru/obyavleniya/dovhostrokova-orenda-1-k-kvartyra-buchanskyi-petropavlivska-borshchahivka-15000-hrn-mis-5-709574367.html
Куплю отдельно стоящее здание,https://www.bazarok.ua/ru/obyavleniya/kupliu-otdelno-stoiashchee-zdanye-709537592.html
"Продам ЗІЛ 131 дизель, МТЗ 80",https://www.bazarok.ua/ru/obyavleniya/prodam-zil-131-dyzel-mtz-80-709574366.html
"продаж 2-к квартира Київ, Дніпровський, 58000 $",https://www.bazarok.ua/ru/obyavleniya/prodazh-2-k-kvartyra-kyiv-dniprovskyi-58000-$-709574123.html
Продаємо вживані пральні машини з гарантією,https://www.bazarok.ua/ru/obyavleniya/prodaiemo-vzhyvani-pralni-mashyny-z-harantiieiu-697136190.html
Продаємо нові та вживані запчастини до пральних машин,https://www.bazarok.ua/ru/obyavleniya/prodaiemo-novi-ta-vzhyvani-zapchastyny-do-pralnykh-mashyn-697136314.html
Ремонт пральних машин будь якої складності,https://www.bazarok.ua/ru/obyavleniya/remont-pralnykh-mashyn-bud-iakoi-skladnosti-697136547.html
"Ремонт посудомийок, індукційних плит, електроплит будь якої складності",https://www.bazarok.ua/ru/obyavleniya/remont-posudomyiok-induktsiinykh-plyt-elektroplyt-bud-iakoi-skladnosti-697136460.html
Датчик температури охолоджувальної рідини Vernet WS3004,https://www.bazarok.ua/ru/obyavleniya/datchyk-temperatury-okholodzhuvalnoi-ridyny-vernet-ws3004-709574365.html
Продам старовинне бурштинове намисто. Понад 100 років.,https://www.bazarok.ua/ru/obyavleniya/prodam-starovynne-burshtynove-namysto-ponad-100-rokiv-701809452.html
"продаж приміщення вільного призначення, будівлі Київ, Шевченківський, 10000000 $",https://www.bazarok.ua/ru/obyavleniya/prodazh-prymishchennia-vilnoho-pryznachennia-budivli-kyiv-shevchenkivskyi-10000000-$-21-709574363.html
"продаж торгові площі Київ, Дніпровський, 1400000 $",https://www.bazarok.ua/ru/obyavleniya/prodazh-torhovi-ploshchi-kyiv-dniprovskyi-1400000-$-7-709574362.html
"продаж 2-к квартира Київ, Солом`янський, 36900 $",https://www.bazarok.ua/ru/obyavleniya/prodazh-2-k-kvartyra-kyiv-solomianskyi-36900-$-6-709574361.html
"продаж 3-к квартира Київ, Оболонський, 175000 $",https://www.bazarok.ua/ru/obyavleniya/prodazh-3-k-kvartyra-kyiv-obolonskyi-175000-$-15-709574360.html
Радио- меридиан экспортного исполнения.,https://www.bazarok.ua/ru/obyavleniya/radyo-merydyan-eksportnoho-yspolnenyia-709574359.html
"довгострокова оренда 3-к квартира Київ, Оболонський, 25000 грн./міс.",https://www.bazarok.ua/ru/obyavleniya/dovhostrokova-orenda-3-k-kvartyra-kyiv-obolonskyi-25000-hrn-mis-14-709574358.html
"продаж 2-к квартира Київ, Солом`янський, 49000 $",https://www.bazarok.ua/ru/obyavleniya/prodazh-2-k-kvartyra-kyiv-solomianskyi-49000-$-7-709574357.html
Беспроводная колонка NAVIT.,https://www.bazarok.ua/ru/obyavleniya/besprovodnaia-kolonka-navit-709574348.html
"продаж 6-к таунхаус Бучанський, Ірпінь, 220000 $",https://www.bazarok.ua/ru/obyavleniya/prodazh-6-k-taunkhaus-buchanskyi-irpin-220000-$-25-709574356.html
Продам Подсумок- военный.,https://www.bazarok.ua/ru/obyavleniya/prodam-podsumok-voennyi-709574340.html
"продаж 3-к таунхаус Бучанський, Гостомель, 60000 $",https://www.bazarok.ua/ru/obyavleniya/prodazh-3-k-taunkhaus-buchanskyi-hostomel-60000-$-16-709574355.html
Продам мобильный телефон NOMU,https://www.bazarok.ua/ru/obyavleniya/prodam-mobylnyi-telefon-nomu-709574354.html
"продаж 2-к квартира Бучанський, Ірпінь, 58000 $",https://www.bazarok.ua/ru/obyavleniya/prodazh-2-k-kvartyra-buchanskyi-irpin-58000-$-11-709574353.html
"продаж 6-к таунхаус Бучанський, Ворзель, 139000 $",https://www.bazarok.ua/ru/obyavleniya/prodazh-6-k-taunkhaus-buchanskyi-vorzel-139000-$-8-709574352.html
"продаж 3-к квартира Бучанський, Ірпінь, 74000 $",https://www.bazarok.ua/ru/obyavleniya/prodazh-3-k-kvartyra-buchanskyi-irpin-74000-$-11-709574351.html
"продаж 1-к квартира Бучанський, Ірпінь, 53000 $",https://www.bazarok.ua/ru/obyavleniya/prodazh-1-k-kvartyra-buchanskyi-irpin-53000-$-8-709574350.html
"продаж 1-к квартира Бучанський, Ірпінь, 36000 $",https://www.bazarok.ua/ru/obyavleniya/prodazh-1-k-kvartyra-buchanskyi-irpin-36000-$-16-709574349.html
Куплю довідник депутати Верховної Ради Української РСР 10 скликання,https://www.bazarok.ua/ru/obyavleniya/kupliu-dovidnyk-deputaty-verkhovnoi-rady-ukrainskoi-rsr-10-sklykannia-709574293.html
Все для кондитера.,https://www.bazarok.ua/ru/obyavleniya/vse-dlia-kondytera-709574114.html
"продаж 5-к будинок Обухівський, Лісники, 890000 $",https://www.bazarok.ua/ru/obyavleniya/prodazh-5-k-budynok-obukhivskyi-lisnyky-890000-$-5-709574347.html
"продаж 1-к квартира Бучанський, Ірпінь, 37000 $",https://www.bazarok.ua/ru/obyavleniya/prodazh-1-k-kvartyra-buchanskyi-irpin-37000-$-18-709574346.html
"продаж 4-к будинок Бучанський, Буча, 125000 $",https://www.bazarok.ua/ru/obyavleniya/prodazh-4-k-budynok-buchanskyi-bucha-125000-$-31-709574345.html
"продаж окремий гараж Бучанський, Ірпінь, 8000 $",https://www.bazarok.ua/ru/obyavleniya/prodazh-okremyi-harazh-buchanskyi-irpin-8000-$-2-709574344.html
"продаж 4-к квартира Київ, Оболонський, 570000 $",https://www.bazarok.ua/ru/obyavleniya/prodazh-4-k-kvartyra-kyiv-obolonskyi-570000-$-6-709574343.html
Продам спальный мешок-сумка.,https://www.bazarok.ua/ru/obyavleniya/prodam-spalnyi-meshok-sumka-709574342.html
Продам Компас в отличном состоянии,https://www.bazarok.ua/ru/obyavleniya/prodam-kompas-v-otlychnom-sostoianyy-709574341.html
Продаю сапожное оборудование название сомик,https://www.bazarok.ua/ru/obyavleniya/prodaiu-sapozhnoe-oborudovanye-nazvanye-somyk-709573990.html
Продам аудио кассеты,https://www.bazarok.ua/ru/obyavleniya/prodam-audyo-kassety-709574339.html
"продаж 3-к квартира Київ, Святошинський, 135000 $",https://www.bazarok.ua/ru/obyavleniya/prodazh-3-k-kvartyra-kyiv-sviatoshynskyi-135000-$-14-709574338.html
